SHELF NO.,PRODUCT,MOQ,STOCKTAKE,ORDERED,ITEM,SUPPLIER,CAT. NO.,TYPE,UNITS/CTN,MOQ,MOQ TYPE,R&D or MFG,CRITICALITY,COMMENTS
1,BLEACH 3% 5L /UNIT,5,7,,"3% Bleach, 5L",POCD,BLE35 ,Consumable,2,5,Units,BOTH,Critical,
,CABLE TIES /PK,4,18,,,,,,,,,,,
,MAGIC TAPE /UNIT,3,2,,,,,,,,,,,
,MASKING TAPE /UNIT,3,10,,,,,,,,,,,
2,ETHANOL 80% 5L /UNIT,5,3,Y,"Ethanol, absolute, 80% 5L bottle",POCD,ETHABS80/5P,Consumable,2,5,Units,BOTH,Critical,
,UV BULBS /UNIT,3,3,,,,,,,,,,,
3,DAY2DAY WIPES /CTN,1,4,,,,,,,,,,,
4,XS NITRILE GLOVES /CTN,0,3,,"GLOVE EXTRA SMALL SINGLE USE ""MICROFLEX"" BLUE NITRILE POWDER FREE (93833060(93-833-XS)) 250 gloves/box",Rowe Scientific,HG0189,Consumable,2500,1,Cartons,BOTH,Critical,
,S NITRILE GLOVES /CTN,1,1,Y,"GLOVE SMALL SINGLE USE ""MICROFLEX"" BLUE NITRILE POWDER FREE (93833070(93-833-S)) 250 gloves/box",Rowe Scientific,HG0152 ,Consumable,2500,1,Cartons,BOTH,Critical,
,M NITRILE GLOVES /CTN,1,4,,"GLOVE MEDIUM SINGLE USE ""MICROFLEX"" BLUE NITRILE POWDER FREE (93833080(93-833-M)) 250 gloves/box",Rowe Scientific,HG0153 ,Consumable,2500,1,Cartons,BOTH,Critical,
,L NITRILE GLOVES /CTN,1,1,Y,,,,,,,,,,
,XL NITRILE GLOVES /CTN,0,1,,,,,,,,,,,
,M LATEX GLOVES /CTN,0,0,Y,,,,,,,,,,
,L LATEX GLOVES /CTN,0,0,Y,,,,,,,,,,
,SHOE COVERS /CTN,1,1,Y,"Shoe Cover, Gloshie, Polyethylene (CPE), Blue, Water Resistant (CPESHOE) 1000pk",Rowe Scientific,HS0368 ,Consumable,1000,2,Cartons,BOTH,Critical,
,HAIR NETS /CTN,1,4,,"Safety hair net beret crimped round white 21"", PP & Latex Free elastic (DPEB21) (1000pk)",Rowe Scientific,HS0980 ,Consumable,1000,1,Cartons,BOTH,Critical,
,FACE MASK /PK,3,13,,"Livingstone Medical Face Mask, L2 Barrier, 3-Ply, TGA 350632, EN14683 Type IIR, ASTM F2100-19, Earloop, Black, Latex Free, 50 Pieces/Box",Livingstone,PFM3PEB ,Consumable,50,3,Cartons,BOTH,Critical,
,N95 MASK /PK,2,9,,,,,,,,,,,
5,BLUE GOWN /CTN,6,24,,"Gown Isolation Disposable, Velcro Tie, Elastic Wrist, Impervious Polypropylene (Blue) 300810VB/OS. 50pk",Rowe Scientific,HG0520 ,Consumable,50,6,Cartons,BOTH,Critical,05FEB26. AC. Standing order until May 2026
,YELLOW GOWN /CTN,4,8,,"Gown Isolation Disposable, Velcro Tie, Elastic Wrist, Impervious Polypropylene (Yellow) 300810V/OS 50pk",Rowe Scientific,HG0519 ,Consumable,50,3,Cartons,R&D,Critical,05FEB26. AC. Standing order until May 2026
6,EPPENDORF TIPS 10µL /CTN,2,6,,,,,,,,,,,
,EPPENDORF TIPS 200µL /CTN,2,6,,,,,,,,,,,
,EPPENDORF TIPS 1000µL /PK,3,6,,,,,,,,,,,
,HIGH LUNATIC PLATES /PK,2,7,,"High Lunatic Plates, OD 275 (Box of 10)",Millennium Science,UNC-701-2100,Consumable,10,4,Cartons,BOTH,Critical,
,LUNATIC PLATES /PK,2,8,,,,,,,,,,,
7,EPPENDORF SAFE-LOCK TUBES 0.5ML (CLEAR) /PK,6,6,Y,"0.5mL Eppendorf Safe-Lock® Tubes PCR clean, colorless, 500 tubes",Eppendorf,30123301,Consumable,500,5,Cartons,BOTH,Critical,05FEB26. AC. Consider adding to next standing order
,EPPENDORF SAFE-LOCK TUBES 0.5ML (AMBER) /PK,2,4,,,,,,,,,,,
,EPPENDORF SAFE-LOCK TUBES 1.5ML (CLEAR) /PK,3,8,,"1.5mL Eppendorf Safe-Lock® Tubes PCR clean, colorless, 1,000 tubes",Eppendorf,30123328,Consumable,1000,4,Cartons,BOTH,Critical,
,EPPENDORF SAFE-LOCK TUBES 2.0ML (CLEAR) /PK,2,14,,"2.0mL Eppendorf Safe-Lock® Tubes PCR clean, colorless, 1,000 tubes",Eppendorf,30123344,Consumable,1000,2,Cartons,BOTH,Critical,
,EPPENDORF SAFE-LOCK TUBES 5.0ML (CLEAR) /PK,2,9,,"5.0mL Eppendorf Safe-Lock® Tubes PCR clean, colorless, 200 tubes",Eppendorf,30119460,Consumable,200,2,Cartons,BOTH,Critical,
,QUANTSTUDIO PLATES 0.2ML /PK,5,32,,,,,,,,,,,
,QUANTSTUDIO PLATES 0.1ML /PK,2,7,,,,,,,,,,,
,SEROLOGICAL PIPETTES 1ML /CTN,0,2,,,,,,,,,,,
,SEROLOGICAL PIPETTES 2ML /CTN,0,2,,,,,,,,,,,
,SEROLOGICAL PIPETTES 5ML /CTN,0,1,,,,,,,,,,,
,SEROLOGICAL PIPETTES 10ML /CTN,0,3,,,,,,,,,,,
,SEROLOGICAL PIPETTES 25ML /CTN,0,3,,,,,,,,,,,
,SEROLOGICAL PIPETTES 50ML /CTN,0,2,,,,,,,,,,,
8,KF 96W DEEP WELL PLATES* /CTN,1,1,,,,,,,,,,,
,KF TIP COMB* /CTN,0,0,,,,,,,,,,,
,KF 96W PLATE 200µL* /CTN,1,1,,,,,,,,,,,
,MAGMAX PRIME BINDING SOLUTION 530ML* /UNIT,AS NEEDED,0,,,,,,,,,,,
,MAGMAX WASH I SOLUTION 1000ML* /UNIT,AS NEEDED,0,,,,,,,,,,,
,MAGMAX PRIME PROTEINASE K 10ML* /UNIT,AS NEEDED,1,,,,,,,,,,,
,MAGMAX BINDING BEADS 20ML* /UNIT,AS NEEDED,0,,,,,,,,,,,
,MAGMAX ELUTION BUFFER 120ML* /UNIT,AS NEEDED,0,,,,,,,,,,,
,"MAGMAX MVP II KIT 2,000 PREPS* /UNIT",AS NEEDED,0,,,,,,,,,,,
,CAVIWIPES /CTN,1,1,Y,Caviwipes,Rowe Scientific,HW0032 ,Consumable,12,1,Cartons,BOTH,Critical,
,ABSORBENT MATS BLUE /UNIT,15,0,Y,,,,,,,,,,
,ABSORBENT MATS YELLOW /UNIT,15,0,,,,,,,,,,,
,ABSORBENT MATS WHITE /PK,2,4,,,,,,,,,,,
,RESERVOIRS 50ML /CTN,0,0,,"RESERVOIR FOR FILLING MULTICHANNEL PIPETTES, 50mL, SLOPED BOTTOM, STERILE, 20X5PK (23050) 100/ctn ",Rowe Scientific,PR0155 ,Consumable,100,2,Cartons,R&D,Critical,
9,F10 /UNIT,2,2,Y,,,,,,,,,,
,LC480 96W PLATES /PK,1,1,,LightCycler 480 Multiwell Plate 96,Roche,4729692001,Consumable,n/a,3,Units,BOTH,Critical,
,LC480 384W PLATES /PK,1,1,,LightCycler 480 Multiwell Plate 384,Roche,4729749001,Consumable,n/a,3,Units,BOTH,Critical,
,LC SEALING FOIL /PK,2,6,,LightCycler 480 Sealing Foil,Roche,4729757001,Consumable,n/a,3,Units,BOTH,Critical,
,MICROAMP OPTICAL ADHESIVE FILM /PK,3,2,Y,,,,,,,,,,
,BIO-RAD SEAL /PK,2,0,Y,"Microseal 'B' PCR Plate Sealing Film, adhesive, optical.  ",Bio-Rad,MSB1001 ,Consumable,n/a,2,Units,BOTH,Critical,
,BRADY LABEL M5-156-492 (SQUARE) /UNIT,10,34,,M-156-492 Brady Labels (Rectangle),Mektronics,BRA170892 ,Consumable,n/a,10,Units,BOTH,Critical,
,BRADY LABEL M5-118-492 (DOT&STRIP) /UNIT,10,0,Y,M-118-492 Brady Labels (Dot & Strip) ,Mektronics,BRA170893,Consumable,n/a,10,Units,BOTH,Critical,
,BRADY LABEL M4-82-492 (WHITE DOT) /UNIT,5,0,Y,,,,,,,,,,
,BRADY LABEL M4-499-YL-BK (YELLOW DOT) /UNIT,5,0,Y,,,,,,,,,,
,MOP HEAD /PK,4,16,,,,,,,,,,,
,BAXTER IRRIGATION WATER 1L /UNIT,2,5,,,,,,,,,,,
,IDT NF WATER 1L /UNIT,5,23,,,,,,,,,,,
,IDT NF WATER 2ML /PK,6,18,,,,,,,,,,,
,KLEENEX COMPACT TOWELS /CTN,1,4,,,,,,,,,,,
,FALCON TUBES 15ML /CTN,1,2,,,,,,,,,,,
,FALCON TUBES 50ML /CTN,1,2,,,,,,,,,,,
,PLASTIC CONTAINER 120ML /UNIT,30,50+,,,,,,,,,,,
,PLASTIC CONTAINER 500ML /UNIT,20,45,,"Surgical Specimen Transparent Containers, Polypropylene, 500ml, 120 x 80mm, Each",Livingstone,A14142 ,Consumable,n/a,20,Units,R&D,Critical,
,PLASTIC CONTAINER 1000ML /UNIT,20,40,,"Surgical Specimen Transparent Containers, Polypropylene, 1000mL, 120 x 115mm",Livingstone,A14143 ,Consumable,n/a,20,Units,R&D,Critical,
10,MP96 WASTE CONTAINER /UNIT,1,3,,,,,,,,,,,
,MP96 PROCESSING CARTRIDGE /CTN,1,1,,,,,,,,,,,
,MP96 OUTPUT PLATE /PK,3,17,,,,,,,,,,,
,MAGNA PURE TIP 1000µL /CTN,1,7,,,,,,,,,,,
,MAGNA PURE IC TUBES /PK,1,3,,,,,,,,,,,
,MAGNA PURE SEALING FOIL /PK,1,1,,,,,,,,,,,
,MP96 SV KIT /UNIT,0,0,,,,,,,,,,,
11,ZIPLOCK BPEZ360X400 /CTN,0,1,,,,,,,,,,,
,ZIPLOCK BPEZ250X300 /CTN,0,1,,,,,,,,,,,
,ZIPLOCK BPEZ150X200 /CTN,2,3,,,,,,,,,,,
,GARBAGE BAG GB80LT /CTN,1,3,,,,,,,,,,,
,YELLOW CLINICAL WASTE BAG /CTN,2,4,,,,,,,,,,,
,BIOHAZARD AUTOCLAVABLE BAG BAGAUT55X70C /CTN,0,1,,,,,,,,,,,
,BIOHAZARD AUTOCLAVABLE BAG BAGAUT30X60C /CTN,0,2,,,,,,,,,,,
,BIOHAZARD AUTOCLAVABLE BAG BAGAUT30X60N /CTN,1,4,,"Livingstone Biohazard Autoclavable Waste Bag, 30 x 60cm, 20 Litres, 50um, Open Diameter: 20cm, Polypropylene, Yellow, 50/Pack 500/Carton",Livingstone,BAGAUT30X60N ,Consumable,500,1,Cartons,BOTH,Critical,
,BIOHAZARD SPECIMEN BAG BHSB23X16 /CTN,1,2,,,,,,,,,,,
12,FOAMING SOAP /CTN,0,4,,,,,,,,,,,
,KIMWIPES /CTN,0,3,,,,,,,,,,,
